Campaign,Ad group,Keyword,Match type,Final URL
HU | Marka,Hasan Usta - Exact,hasan usta tantuni,Exact,https://www.mersinlihasanustatantuni.com/
HU | Marka,Hasan Usta - Exact,mersinli hasan usta,Exact,https://www.mersinlihasanustatantuni.com/
HU | Marka,Hasan Usta - Exact,mersinli hasan usta tantuni,Exact,https://www.mersinlihasanustatantuni.com/
HU | Marka,Hasan Usta - Phrase,hasan usta tantuni yenişehir,Phrase,https://www.mersinlihasanustatantuni.com/
HU | Marka,Hasan Usta - Phrase,hasan usta tantuni mersin,Phrase,https://www.mersinlihasanustatantuni.com/
HU | Marka,Hasan Usta - Phrase,hasan usta tantuni telefon,Phrase,https://www.mersinlihasanustatantuni.com/
HU | Marka,Hasan Usta - Phrase,hasan usta tantuni yenişehir mersin telefon,Phrase,https://www.mersinlihasanustatantuni.com/
HU | Ürün,Yoğurtlu Tantuni,yoğurtlu tantuni,Phrase,https://www.mersinlihasanustatantuni.com/#menu
HU | Ürün,Yoğurtlu Tantuni,yoğurtlu tantuni mersin,Phrase,https://www.mersinlihasanustatantuni.com/#menu
HU | Ürün,Yoğurtlu Tantuni,yoğurtlu tantuni sipariş,Phrase,https://www.mersinlihasanustatantuni.com/#menu
HU | Ürün,Biftek Tantuni,biftek tantuni,Phrase,https://www.mersinlihasanustatantuni.com/#menu
HU | Ürün,Biftek Tantuni,biftek tantuni mersin,Phrase,https://www.mersinlihasanustatantuni.com/#menu
HU | Ürün,Biftek Tantuni,biftek tantuni sipariş,Phrase,https://www.mersinlihasanustatantuni.com/#menu
HU | Lokasyon,Mersin Tantuni,tantuni mersin,Phrase,https://www.mersinlihasanustatantuni.com/
HU | Lokasyon,Mersin Tantuni,mersin tantuni,Phrase,https://www.mersinlihasanustatantuni.com/
HU | Lokasyon,Mersin Tantuni,mersin yenişehir tantuni,Phrase,https://www.mersinlihasanustatantuni.com/
HU | Lokasyon,Mersin Tantuni,yenişehir tantuni,Phrase,https://www.mersinlihasanustatantuni.com/
HU | Lokasyon,Mersin Tantuni,ünlü mersin tantuni,Phrase,https://www.mersinlihasanustatantuni.com/
HU | Lokasyon,Mersin Tantuni,mersin ünlü tantunicisi,Phrase,https://www.mersinlihasanustatantuni.com/
HU | Lokasyon,Mersin Tantuni,en yakın tantunici,Phrase,https://www.mersinlihasanustatantuni.com/
HU | Lokasyon,Mersin Tantuni,en yakın tantunici mersin,Phrase,https://www.mersinlihasanustatantuni.com/
HU | Sipariş,Tantuni Sipariş,tantuni sipariş,Phrase,https://www.mersinlihasanustatantuni.com/#iletisim
HU | Sipariş,Tantuni Sipariş,tantuni sipariş mersin,Phrase,https://www.mersinlihasanustatantuni.com/#iletisim
HU | Sipariş,Tantuni Sipariş,mersinli hasan usta tantuni sipariş,Phrase,https://www.mersinlihasanustatantuni.com/#iletisim
HU | Sipariş,Tantuni Sipariş,tantuni sipariş ver,Phrase,https://www.mersinlihasanustatantuni.com/#iletisim
HU | Geniş,Broad - kontrollü,tantuni,Broad,https://www.mersinlihasanustatantuni.com/
HU | Geniş,Broad - kontrollü,mersin yemek sipariş,Phrase,https://www.mersinlihasanustatantuni.com/
